posting_id,image,image_phash,title,label_group,category,label,title_len
train_4010695276,e075b67bb7a2e4c52e0f7a1f035a013a.jpg,cbe88496f45b0af8,Celana Dalam Bahan Katun premium Tally L sampai XL,3503559971,Thời trang,7,9
train_1508140374,5a3be935b6cd12d13b2d7c5dd210969e.jpg,be946db46d1a68c8,OBAT DIABETES HERBAL Alami (Gluconormix ASLI Original Membantu Meringankan Gejala Kencing Manis),4242193834,Sức khỏe,5,12
train_2375952912,34a9ff5a502537a17ffafb9474abfceb.jpg,afd0d24b602ff0a6,TONER COLLAGEN PLUS VIT.C & WHITENING 100 ml / COLAGEN,2000035616,Sắc đẹp,4,10
train_1711728185,739f7c1c9ff0b676edb83c0b44db0d67.jpg,eb1dbfa160970ce0,Jilbab Instan Zaqia Masker Series Sporty Ori Shakina Danisha Hijab,1808750350,Sắc đẹp,4,10
train_2567013657,eebdb2cc707037220cf47669189228fa.jpg,b45e9b90383b252f,Shannen Creamy Lip Paint Shannen Lipstik,1381597103,Sắc đẹp,4,6
train_3745592705,79da5c549dc932aeeca58795c28e4dbe.jpg,9fcec231c039e1b9,Jilbab Cadar Bergo Masker Bergo Lengan Panjang Jilbab Masker Jumbo Kania 4in1,502970099,Sắc đẹp,4,12
train_1066583882,484b1e9724db0a1d7e0f59f2d482bf24.jpg,b71c34173c373986,"b""Leivy Body Lotion Goat'S Milk - 270ml""",3255687143,Thực phẩm & Đồ uống,8,7
train_113089789,853332ccd08b5b7cb85acc220d58570d.jpg,b416cbd962943c3b,Kurma Sukari Al Madinah Premium NR 1kg,2717178301,Thực phẩm & Đồ uống,8,7
train_3706403996,2464bd5c3086d9a8a84af14277c138d0.jpg,eacb686b8b349334,SERUM SPRAY FARMA,3548145425,Sắc đẹp,4,3
train_2695151238,9692ea7f88c0c4d6508f3e84773bfc13.jpg,cb0cb6358d72b552,"b""MuTouch Goat's Milk Shower Cream Pearl and Mulberry 1000ml (Sabun Mandi) FREE Shower Puff""",3933439401,Thực phẩm & Đồ uống,8,14
train_535526365,9efddad2c2ceb636e28c804959a92f8a.jpg,eec4b41e96368e64,Pulpen Kipas - pen kipas,3430179282,Gia dụng,0,5
train_2118604314,73e069a2844aa19ed815d5fea8c7e1fb.jpg,bfe1c01eb5b46069,Impulse Sealer / Mesin Pres Plastik Alat Perekat Plastik Murah / ANQI1688-RH- XIF,2225683072,Nhà cửa & Đời sống,2,13
train_290243432,3be839c43bc03afef289a0d1baea5496.jpg,f8523cd2da2f2652,Headset Bluetooth Sport JBL Magnetic Design,1744240905,Điện tử,9,6
train_3566454168,d215167dd74a4a0c6b852933b66ecd19.jpg,bb46c4f9c51b21e1,HeadPhone SONY Extra Bass XB-450,1043565100,Điện tử,9,5
train_2555825988,85fd4c010873ff981324eb84edb40dbf.jpg,e26f4e911c671b16,[BISA COD] BELI 2 GRATIS 1 -  SABUN TZUKI SOAP - SABUN TZUKI PEMUTIH ORIGINAL,3489985175,Sắc đẹp,4,15
train_133744829,9fb6053e145f8d9015906fd7c92d53c4.jpg,a187d20f89f74897,Tas Fashion Import LT1535/ 1535 BQ2481/ 2481 Free Gantungan,1335242406,Phụ kiện thời trang,3,9
train_130859903,b7683356e831ab93ebc4329a32d72882.jpg,c978ab06ea56d22b,Soft Case Motif We Bare Bear dengan PopSocket untuk iPhone SE 2020 11 X XS 6 6S 7 8 Plus 6Plus 6SPlus 7Plus 8Plus,2126962532,Điện tử,9,24
train_330547162,25ea3bb64a6859312e1a30847ca31d99.jpg,91bee4cd4aa5e243,PELICIN NIGHT CREAM. 15gr,2118783089,Sắc đẹp,4,4
train_1691328955,960681c45efdaa0a85f20b33789ef979.jpg,fc14857e156d30cd,\xe3\x80\x90Baosity\xe3\x80\x91Ready Stock 5 Inch 220V Amplifier Stereo Digital HiFi Bass Power dengan Bluetooth+Port USB/TF+Remote Control,2312054169,Điện tử,9,15
train_1597284852,91844a22de66c2733461fe09cc6e523a.jpg,b9b7c61ccdc23870,Acnol Lotion,1746655739,Sắc đẹp,4,2
train_2798089492,ef0360cba9e9aaa25889607ec6ecb4b1.jpg,e1999698dac39999,Jam Tangan Sport Elegant,1089805460,Phụ kiện thời trang,3,4
train_4139437520,36209e10cbe1a81625831a668ad6aa90.jpg,eea4941ef3096ce1,XIAOMI REDMI AIRDOTS TWS BLUETOOTH 5.0 EARPHONE DPS HD EARPODS,2186896696,Điện tử,9,10
train_44356492,5e829ec4a0a6c217c6d99f9ca11a423b.jpg,b468b152af253e3a,POP SOCKET HP KARAKTER CARTOON,2770363844,Nhà cửa & Đời sống,2,5
train_1513019401,54dd1739c1be348f6b42bcf7e702a234.jpg,fec0c1d84239cf4b,MARS - SET SETELAN MICKEY MOUSE,4258787333,Điện tử,9,6
train_3535916638,faa630260199a0b11b897bc9803cf3cd.jpg,dae2c59c3d35660a,PHILIPS LED UFO 15W 15 WATT PUTIH 6500K (GROSIR) LEDBULB CEILING E27 15WATT W PLAFON ORIGINAL 150 MM,3095330776,Nhà cửa & Đời sống,2,18
train_2272350134,0296accb9e2a5c7c7a588869e0fb95d0.jpg,b4a6cb583c265793,Bolde Mixer Super Mix Turbo,2867442808,Gia dụng,0,5
train_772476084,c5d0824555f1829676fae4eabe278def.jpg,fa3cc8333cc89693,Harry Potter and The Cursed Child (Harry Potter dan Si Anak Terkutuk) J.k. Rowling,3506731664,Mẹ & Bé,1,14
train_3441052717,798a6c0066bb4252e4b16507daa9b373.jpg,b366cc33cc31cc99,Berat 1 kg!! RAK AMAZING/RAK JILBAB/RAK SEPATU TANPA COVER/ AMAZING SHOE RACK,3248382471,Phụ kiện thời trang,3,12
train_1790519022,657cf728248e37dcbd64b17b562534a3.jpg,cb5bb4aaaa9494d4,Hanasui Naturgo Lightening Peel Of Mask 60gr [TUBE],2701575241,Sắc đẹp,4,8
train_3506528946,b48f0c71dc77613575e35d85d90ef632.jpg,f1de8290bf483764,LV SELEMPANG DEWI KARDASHIAN 2RUANG SUPER QUALITY SLING BAG IMPORT BATAM,3229305269,Phụ kiện thời trang,3,11
train_2241401000,e1a5f03b7588d013daccce3cc6f33c99.jpg,bb97c60cc0f1994e,Scuba - Masker Scuba Jilbab,2699450457,Sắc đẹp,4,5
train_328393562,8e2bc9ba73f6c91ad4f095a66a73371a.jpg,eabc94c3c140dbad,NEW!!! SEPATU SNEAKERS XBO SPORT,3815469593,Phụ kiện thời trang,3,5
train_2590335778,61b451b1faf23ab6f25c335ed5b643ba.jpg,a7c01e32dc2f689e,Korek Kuping Nyala Earpick With Flashlight Alat Korek Kuping Pembersih Telinga Lampu Senter LED,498816931,Nhà cửa & Đời sống,2,14
train_357209675,88d7120b7940a244e2bd3e92e48df5d4.jpg,bbb3c4ccf0228f31,cream TEMULAWAK BEAUTY WHITENHING CREAM pot kaca,3417939455,Sắc đẹp,4,7
train_4151325177,afe47cb403de072112961f112e6aafca.jpg,fb7c8889c2a681cf,Turban anak beda pita,135655018,Mẹ & Bé,1,4
train_1108437287,32fe811a42bfcd7986412b3bad946284.jpg,e49bcc189b649367,NYU Creme Hair Colour Natural Brown,603726180,Sắc đẹp,4,6
train_2705300432,9cf5af0b75cab54bf80169dc37d70d39.jpg,f9d29638c3659c92,1Pcs Tresno Joyo Minyak Telon Herbal 100ml + FREE Minyak Telon 30ml,737541829,Sức khỏe,5,12
train_3250326902,ebbe8fbb073d17383daebb5387e6e0d9.jpg,bac586cd399ae432,NA MASPION Panda Fit A / Panci Penggorengan Set 2 Pcs Sauce Pan 16 cm & Frypan 20 cm,1528519934,Thực phẩm & Đồ uống,8,19
train_3874240597,2ecdfea9f5254c5eea1985ab265adc17.jpg,cc4c494d36b48f3b,DN05- SANDAL KOREA GN,2394683923,Phụ kiện thời trang,3,4
train_4221982820,ff512b2f4ff8bb431bf089e87c212922.jpg,f94186ff8fa6b010,Sprei Lady Rose 180x200 King terlaris Keroppi,53836859,Nhà cửa & Đời sống,2,7
train_927436148,727f86d7fb25206ed42537347f90643c.jpg,b3998966cccc9999,Dress Anak Perempuan Rajut Tebal Adiba Slit atau ZENIT SLIT,1268261698,Mẹ & Bé,1,10
train_1303180091,5d61f4236b60b9356f425c218c7dde1b.jpg,e69b09862399fc72,CATOK NOVA NHC-2009 2IN1 (UKURAN MINI),2558633431,Sắc đẹp,4,6
train_2594378939,82fa523ec9ddb232d5893d73ae268a15.jpg,8f96693c4b858d8d,GH 96 Pockets Album for BTS/EXO/GOT7 Lomo Card Photocard Name ID Card Holder,713943303,Điện tử,9,13
train_2358100521,2a8ba008866958c389882d340741dc1a.jpg,bf2dc0c03f1f6434,Oven Mito Fantasy,2133235145,Phụ kiện thời trang,3,3
train_3544500935,ef2371f2ebdd6a08ab0a092f9500c7fc.jpg,f6914d87e02ab974,Grosir - T654 Topi Visor Lipat Wanita Casual/Pelindung Sinar UV Anti UV Untuk Pantai/Topi Outdoor,2984413468,Mẹ & Bé,1,15
train_516088437,0bfbda102009445ecfa7d516b14c31d8.jpg,bc3333633333638c,Skin Aqua UV moisture Milk SPF 50 PA++ 40 gr,2123332638,Thực phẩm & Đồ uống,8,10
train_369395894,69dbce30f91a6ee773c9975228ce1f40.jpg,ab2fd4d00e1b3764,COKLAT TOBLERONE 200GR WHITE - DARK - MILK ED 2021,616150466,Thực phẩm & Đồ uống,8,10
train_2246118465,01c5ffd55b06677401205300fc938721.jpg,e6ce996dcc22cc31,GAMIA AZRA ELZATTA GAMIS POLOS HITAM,3890819527,Thời trang,7,6
train_1347675476,d1b63b8ff468d122a5c6c8438a64843f.jpg,f207d8e8c1a1b33d,Korek Zippo Polos Black Doff,3452542252,Thời trang,7,5
train_2237731758,8c5da6f67d34f5f132f85c973a5c65e0.jpg,dd8a4d8ace66b270,Stick Touch Lamp - Stick and Click - Lampu Lemari - Lampu Emergency Darurat,3583220000,Nhà cửa & Đời sống,2,14
train_2184763987,4923f59cf3e3295899ccf31d22abff30.jpg,af9dd06048b53f1a,Sepatu salomone terlaris,2727555996,Phụ kiện thời trang,3,3
train_1310693057,ce2edba725565d52b58aa63cf0f293f9.jpg,9dee91dc9068b361,Laudya \xe2\x80\xa2 Zalfa Tali (cadar) Hijab,3248907724,Thời trang,7,6
train_2249942478,8c108fa5294b84d366b0ab5835c017cf.jpg,f97929412a8e9e96,Handuk baju kimono,2845176350,Thời trang,7,3
train_453297611,6504c5324e98e9b44b03d15da2b2437f.jpg,b978b6d1c2c3c6c4,HC Dompet Kartu 2212 Dompet Wanita Resleting Motif Tikar Kulit Mini Grosir Import#Bisa COD,1113850846,Phụ kiện thời trang,3,14
train_3896380700,5eed23a6b762f11650408db9a13bd530.jpg,a6347f37a60a8aa6,6Pcs / Set Bola Laundry Lembut Reusable untuk Laundry,2689154277,Thể thao & Dã ngoại,6,9
train_214385673,95c039422a723360c90f1a4a81ba3bb1.jpg,ee2693996d2ca263,Holder Gurita Besi / Holder VIP Universal Sucker Phone 360,452508504,Điện tử,9,10
train_727093701,060ffd9779c0499b2c15c22618e183bf.jpg,a6da25df29d22698,Samsung Buds - Silver,1033818687,Điện tử,9,4
train_3351248344,492049d12d51ab5b51d92ddf2d333d73.jpg,f96af9c491b90a25,Helm jp8 cx22 model ink T1 double visor bukan kyt nhk centro,1601035878,Nhà cửa & Đời sống,2,12
train_2162256432,baff16def076bb951168daccdf4d6903.jpg,9bd9b91129da8768,Goodiebag kain spund bond oval 30x40,497927023,Phụ kiện thời trang,3,6
train_3748638690,499d937f699bd8d110e76ef8c16232be.jpg,dfad0dc12b562a52,Sugar Baby Perlak Bayi [90 x 60 CM] Organic Healthy Cot Sheet,997220911,Mẹ & Bé,1,12
train_1495418601,9c0de9617d6b8e7173f848675cd336dd.jpg,c13d605b52ddb3a4,Jam Tangan Wanita Analog 1400,1567186112,Phụ kiện thời trang,3,5
train_2416452020,ac45797836968500eaed95728e7b3fa9.jpg,daa9e594c512c787,(BISA COD ) ALGHO SWEATER,1534504074,Thời trang,7,5
train_4075151362,5f23492f25290788029e2c6d23b591a0.jpg,d28d4e3d4f396170,Johnson\xe2\x80\x99s \xc2\xae Top to Toe Hair & Body Bath 500ml,3561125014,Sắc đẹp,4,10
train_3946185755,5823ad9b77c57d1c4775bdc9e0659701.jpg,ea8695796a869179,Sandal Led Anak Antislip,2377726047,Phụ kiện thời trang,3,4
train_2812821746,40a9736b651208ae73c6aeeea743d6b6.jpg,eb94956356799491,Kaos Kaki Gaya Korea Motif Garis Bahan Katun untuk Wanita / Musim Gugur,3361632985,Thời trang,7,13
train_4066172439,0c6381bc1e218c4a0c05fd10c7a886f1.jpg,89c6f609fe3901e6,Lakban BENING XOZIE Original ISOLASI 12mm Grosir Isolasi Xozie Solasi 24mm Selotip Solatip Murah,1540125626,Nhà cửa & Đời sống,2,14
train_1276547245,2fbcff31700e0e23dabf5d3f0e1ec082.jpg,b36c8c9b8ccc989b,Freeman Feeling Beautiful Brightening Green Tea & Orange Blossom Peel-Off Gel Mask 175 mL,3445494442,Sắc đẹp,4,14
train_4079065767,5d87dab52077b5001038e9091f49689b.jpg,b8a7c7383870a7c3,COD FREE POMPOM AURORA - Tas Selempang Wanita TAS TERBARU TAS WANITA BAYAR DI TEMPAT,1957515419,Phụ kiện thời trang,3,15
train_1118075101,d37027951e90b3baa72c89237d992c92.jpg,b3cc9933ce989931,Fair lovely cream 25 gr,1769055405,Sắc đẹp,4,5
train_528204741,8cdb865bda77b285e05734626a7b476b.jpg,dbfe212d78929588,LOVERESS DRESS /DRESS BRUKAT/DRESSMAXI/BRUKAT WANITA/DRESSWANITA GAUN PESTA PANJANG GAMIS BUSUI,1662373776,Thời trang,7,10
train_2626202329,e06965033ef764c266dbd0001f912f56.jpg,f986c6931190e7f2,391 [ B BUKA DEPAN ] Cover Mesin Cuci BAHAN PEVA 1 Tabung B,3924716875,Gia dụng,0,14
train_3486930,70824dffc81bd691602cd283e6a48115.jpg,ebccd093a93cca52,Kalung Kucing Bebas Kutu Anti Kutu Aman dan Ampuh Menghilangkan Kutu Dari Hewan Kesayangan,3753461749,Phụ kiện thời trang,3,14
train_3185663292,1ea2aab2f0915fb9a3f685d797e5ade3.jpg,b966646c646cc6cd,MINISO Tumbler Plastik Mawar Portable Kontainer Water Bottle air 400ml 14oz,169556674,Điện tử,9,11
train_3631729014,bdb2d0f27f8a81ba87501b7b435d8937.jpg,eac25acb7ac25a83,Sophie Paris Tas Selempang Wanita Sourdiere Cream Bag - T6456C7,1845612899,Phụ kiện thời trang,3,10
train_2834386989,5cd2195b4577b314f9df5234ad0e9b9c.jpg,b987b05ac731cc47,HDMI Extention Kabel HDMI Male To Female 30cm Kabel Perpanjangan HDMI,412112378,Điện tử,9,11
train_3470254641,d573e829b9d1aefbb26c9263a5867e2a.jpg,be85cb6a943d3cc0,Alat Pisau Cukur Kumis Jenggot Mister Cukur 2 MATA,4251343504,Nhà cửa & Đời sống,2,9
train_4120437054,d3c024537b1da7f7f835555777e51dee.jpg,ba93858e5839a766,MamyPoko Perekat Royal Soft - M 72 - Popok Tape,887644040,Nhà cửa & Đời sống,2,10
train_4157769313,dc04c9b607aebc0db8394c496a2e41ad.jpg,c0d8ef5e332da941,PIYAMA JUNIOR USIA 6-11TAHUN TERMURAH,227001881,Mẹ & Bé,1,5
train_104387367,3797a7c4ac880bb1f935f354a03ef93a.jpg,ffb3c9499268c462,Headset Stereo Audio Bass With MIC FOOMEE QA30 Earphone Stereo 3.5mm Bass Boosted,3924088631,Điện tử,9,13
train_3485209887,ccbfb1c6cdadc9633aa8834942da8ef6.jpg,e09e34c00ff639c7,[BISA COD] Whitening All Perfect Serum 5ml,2016484835,Sắc đẹp,4,7
train_3451549828,9e46e59389c8eafa66433cd41d129c25.jpg,9ee4d8b9b3a3c0c4,Sarung Tangan Kulit Full Panjang Dengan Batok Protector Asli Garut 100%,2712350619,Phụ kiện thời trang,3,11
train_713073906,75d1ce076d2bf9476192583de84c164e.jpg,bfb88472d285c84f,Jubah Anak Kancing Karim 3-15 Tahun,1835033137,Mẹ & Bé,1,6
train_3674017218,6cc1087fd880251a1bb967f653f0c8cd.jpg,bbe0841d6b633ec4,Baterai Original Samsung Galaxy Grand Prime J5 J2 Prime J2 Pro J3 J320 G530 G532 Battery Batre OEM,1273396533,Điện tử,9,18
train_1834984573,e185854cd699c468620643c33e976c83.jpg,fbc12c1e611e5897,tunik vanesha Nt /Atasan muslim best seller,2608223592,Phụ kiện thời trang,3,7
train_2168368961,db6f936ce739f6c9936ee1e81fe913a0.jpg,afb5e06a95da3290,Impulse Sealer / Mesin Pres Plastik Alat Perekat Plastik Murah / XIF-20cm-30cm,2225683072,Nhà cửa & Đời sống,2,12
train_1855534452,29957d5dbb10042435fa7b485cc974c6.jpg,c86c2eb61805afd7,HNI HPAI Kopi 7 Elemen SEVEL isi 20 sachet ORIGINAL,1322601299,Thực phẩm & Đồ uống,8,10
train_4227549842,00b84a9606509d5e0901bdb6e150fe69.jpg,fb18c3e3cc2bd064,Nova NS 216 Alat Mesin Cukur Rambut Multifungsi kumis jenggot dan rambut,3580263851,Nhà cửa & Đời sống,2,12
train_2527695285,56552adcf5f7e289014615c884023b8e.jpg,d5ac5afd5b8a7020,Lazypod Gurita Cute Worm Lazy Holder Guritapod Lazypod,2906787209,Điện tử,9,8
train_2949975968,88547e7eecb92c6be2e053edfdc5f186.jpg,81757e497c32760d,NUTRINIDRINK POWDER 400 GRAM,899136538,Thực phẩm & Đồ uống,8,4
train_2324163907,2788f95b46ff5e8bd68d7aeaa53bdd8b.jpg,b8bacd4d1296b1b1,BABY FEEDER Empeng Fruit feeder buah Silikon makanan mpasi bayi,1570588813,Mẹ & Bé,1,10
train_531798208,9800b8a964045ffcdb60a4788b20bece.jpg,bd14c26ba19a3ef0,Lemari Baju Motif 105 Bongkar Pasang Buka Samping,907296127,Thời trang,7,8
train_3489385103,952015497f35c6c0bfc2d80e7a1609a6.jpg,ebb9940686b83c6b,Pediasure Madu/Vanilla 850gr Susu Termurah,3742712461,Thực phẩm & Đồ uống,8,5
train_3007211310,d02a4262203bcf9d6fc5e529d71b28ea.jpg,b82dc7d2c395782c,balon huruf foil HUT RI 74 set merah putih dekorasi dirgahayu hut ri,1270473711,Nhà cửa & Đời sống,2,13
train_977070632,c505bd219a93ef4ad1930c4f33939d2b.jpg,c1d7bda0cb49e03a,Madu Az-zikra Original Kemasan Baru,2075200438,Sức khỏe,5,5
train_1015862061,00ee86a6810cd9f2da6dd0f0f01b867f.jpg,ba9ce0331b624eb6,[ Promo Flash Sale ] Luvita Dress | Size S M L XL | Dress Terlaris | Moscrepe HQ | Fashion Muslim,3687627144,Thời trang,7,22
train_2386617429,3578c7381c246b939008423d6d57b647.jpg,e6669a19c9cd3863,Sepatu Eagle Balance Navy White \xe2\x80\x93 Lifestyle Shoes,3336681029,Phụ kiện thời trang,3,8
train_1684329557,5f33097b3b202a572963f87b099c1b9d.jpg,eec6a10c16bcdbc2,Dompet Wanita BOSTANTEN,114912297,Phụ kiện thời trang,3,3
train_2616596847,b53b0c7638621ec2b723147e2113d0ef.jpg,bb54c48b082c7ff1,Jas hujan Jaket Celana anak Kido kiddo,558088884,Mẹ & Bé,1,7
train_2594118898,896f438cd934a0ed1b8c5f8435ec6068.jpg,e4679b9830676674,Acnes Washing Bar 80gr,1650317636,Sắc đẹp,4,4
train_2163813131,50d85bd6ca467a07c51431ec2d765809.jpg,bcc6c31dc363c32c,Alat / Mesin Cukur Rambut  SUPER TAPER Classic Series,2370163267,Nhà cửa & Đời sống,2,9
train_2851333115,89d88939ebc40b2c99c521c0e9670645.jpg,eed0914f983c2ee1,[ MIKA ] SPONGE MIKA / SPON MIKA / BEAUTY BLEND SPONGE WAJAH,882155223,Gia dụng,0,13
train_1400779757,00bf22807120bb5d2ffd4c1306622c0c.jpg,deb99560f0c4a19e,[GARANSI 6 BULAN] ECLE Impor Termometer Infrared Alat Pengukur Suhu tubuh dahi CE,2410340130,Nhà cửa & Đời sống,2,13
train_2107623056,d3db6f89a518e0b9fae8d831f1fff059.jpg,b63e99998c26e293,"Tripod 1M + Holder U Universal / Buat Camdig,\xef\xbc\x8cDslr\xef\xbc\x8cHandycam A1",2457457611,Điện tử,9,10
train_3395309503,148116d7f8816fe95e18a20061376389.jpg,f1b8c68fccc91cd0,TAS IMPORT FASHION SELEMPANG 7075 93280 3254 1572 N2594 B1669 I07448 364 2594,4289436741,Phụ kiện thời trang,3,13
train_1395219642,ed56d69d53f19cb295c5d3d46c6f66a6.jpg,bf0dc09c66723e32,Boson Masker Hijab Headloop 3 Ply Isi 40PCS,1868822738,Sắc đẹp,4,8
train_2880915559,43bcb57f561710c3a302b46b7ce7225d.jpg,ffc0a8bcbae084b1,Kaos Anak Karakter Kendaraan Alat Berat,1980894329,Nhà cửa & Đời sống,2,6
train_2812635096,d5f4a300f110242763985adf80e92326.jpg,dce3c5c681381f2e,Legging Anak Tanggung 12-15 Tahun Spandek Premium,3155105749,Mẹ & Bé,1,7
train_3778490249,b3c4517cff491c9c42108c4939d5d3d7.jpg,f83c8fca5438aac3,STRAP TALI GANTUNGAN HP NAMA TAG GANTUNGAN KUNCI PHONE HOLDER,3731124907,Điện tử,9,10
train_484876973,c45dbde19e60ebc64f43e789d9a2c787.jpg,b4cac1cacbcbcba0,Paket FDR Dozer Ukuran [ 80/90-14 & 90/90-14 ] Ban Motor Tubetype Cross (Tidak Tubeless),1986524901,Nhà cửa & Đời sống,2,15
train_2710511017,476839842027ec5e1310450f278bc295.jpg,8b0430cfd35bda6a,"Tatakan, kaki 4 kompor Rinnai 522 c dll",1690930588,Gia dụng,0,8
train_1119421416,edffc558d8c947040e8c0f060fbf4af5.jpg,ebc39056876a662d,Masker/Slayer/Bandana Motif Batik,1714607112,Sắc đẹp,4,3
train_718119106,4387522747962ac37ae08c5c1c5d76fc.jpg,e64b6bc969983496,Somebymi AHA-BHA-PHA 30 Days Miracle Serum 50ml,2389140369,Sắc đẹp,4,7
train_3405008424,eb165f83367c289284e7cdbcccdc838c.jpg,a4269b31199f66ce,Cairan pembersih softlens tetes mata soflens x2 cairan pembersih,2288149440,Sức khỏe,5,9
train_395553446,63b9fa8ad87cc20982f72a18cbe81192.jpg,ae64b97ca11599d8,Sepatu futsal specs accelerator lightspeed II pro in,2022952558,Phụ kiện thời trang,3,8
train_2479553776,7d6d6722e62a9d59bc265999531ad3d9.jpg,bf61d5c4d0e5d0c4,BERGO ANAK,4286906991,Mẹ & Bé,1,2
train_1435893644,b6d8d9bfc2ec5ba1464376df61ad7e02.jpg,e28d94694e1c95fa,GUNINCO GAPOT SIKU cantolan sangkar burung standing pot holder bunga gantung dekorasi,2360824580,Điện tử,9,12
train_4240659190,34fe3301de58626a840e79d913695ad8.jpg,bea4c03b39c02eb7,Earphone/headset/hansfree YZ-37,939996834,Điện tử,9,2
train_2334887457,b106fafd3059190c85f1867e64ef1da0.jpg,9fc6f0f0c6b1f030,COD HANDAIYAN Makeup Lipstik Matte Tahan Air Tahan Lama,3215053587,Sắc đẹp,4,9
train_2046363784,97d615ef59019f3772135adfe8d9b79d.jpg,eb65e562b29a8a86,Face Shield Baby Pelindung Wajah APD untuk bayi,4103086857,Sắc đẹp,4,8
train_3846259178,7facf70f5890f00d45cedfd187a1b2a1.jpg,af32c04dac34b3cb,OTO HOOVER BOLDE - Vacuum Cleaner Interior Mobil - Alat Sedot Debu 12 V DC,2206258979,Nhà cửa & Đời sống,2,15
train_1957306631,ce396b6b160105859da47ffb3bb22dcb.jpg,9743e8bcd26917c2,Sarung kulkas karakter,305975207,Nhà cửa & Đời sống,2,3
train_1900233238,594a1550ab8ad3e1186aa1dce8e1ad91.jpg,e992966d4ba49761,(400gr) SALE!!  Musical toy nursery mainan bayi gantung putar musik edukasi merry go around,1983510531,Mẹ & Bé,1,14
train_4204298729,336b119f58d18caf72368143752f185e.jpg,b36c2639674c9999,FREEMAN FEELING BEAUTIFUL GREEN TEA & ORANGE BLOSSOM PEEL-OFF MASK,3445494442,Sắc đẹp,4,10
train_802081389,ecfac1eb4bdf24bb9f86bff75af02fcd.jpg,9f1de0e1c28ce4ce,Piyama Anak Usia 8-10 Tahun -VOL 1- (Size 10) Saten Apple,227001881,Mẹ & Bé,1,11
train_1693157824,aa0f46caeaedae845b29cb531f81f9f6.jpg,e6ec9b639c349131,1KG MUAT 4PCS | AYLA SEMI MAXY DRESS MOTIF RAYON BOHEMIAN BKK LEBARAN SYARIAH FASHION MUSLIMAH,3640656231,Thời trang,7,16
train_503105714,dd44b754f9e26bec02260ac1c35929fa.jpg,bb94384fb0cfc390,Meja ngopi laci paris rak minimalis,399694501,Nhà cửa & Đời sống,2,6
train_81718756,2cb0c75f0d11ad13017f824fc703b325.jpg,bba43e243e35843b,Tutup Pentil LED / Pentil Ban LED ban motor mobil sepeda FREE BATERAI,1575763518,Nhà cửa & Đời sống,2,13
train_3773087463,b0c12661fde09645ce7760f2caba840c.jpg,adec4a1e92c3e163,Sunfish bola salmon 500gr,1680670937,Thể thao & Dã ngoại,6,4
train_3422378966,113fe28087cb6b208a8bb7f5b07b84b3.jpg,be85813ac50f856f,KOKORO Pulpen Gel 0 5 mm - Zebra,1695363826,Thời trang,7,8
train_2953105686,421726eb684fc23bc9523160fec5f305.jpg,eca5911fd389e072,"Daster lowo "" daster jumbo"" daster murah"" daster hamil"" daster kaos"" daster hamil"" daster bali",58373429,Thời trang,7,15
train_1748288129,4ed495d027c06f2d03585dbe9fafc717.jpg,bfd2c069c8343dd2,Cover Shoes Anti Air Fun Cover Sepatu Anti Basah,692028908,Phụ kiện thời trang,3,9
train_432123276,5b96a48565ae13f200ce1393480e9f97.jpg,bb84c07b2da47ad1,[+3 FREE GIFT] BPOM 25gr Masker Crushlicious,3461928445,Sắc đẹp,4,7
train_4014057720,c2ff238d1dd0215efed2ca7c9c57b58b.jpg,fe7e898456893163,Baju Tidur Piyama Pajamas Satin Embos Celana Pendek HP 3/4,196545328,Thời trang,7,10
train_2691673011,e644988d6d67303fd878e00dfc067af2.jpg,ce4ae095b4b49d63,Lampu Selfie Ring Light LED /  Charm Eyes / Lampu Selfie,2259957740,Nhà cửa & Đời sống,2,11
train_2906961145,61e8154bab74da2e10ae7f1b2ee659ef.jpg,e2e59d1e124b2b4b,OSM - J149 Jam Tangan LED Strap Rubber / Jam Digital / Jam Unisex / Arloji / Jam LED Persegi,3283040645,Phụ kiện thời trang,3,20
train_3430242020,8fc74fca98d55a681a8e08fafc830ecc.jpg,b4c90fd83dc326b4,Stand Mixer Miyako SM625 - Putih [3.5 L],3269146847,Nhà cửa & Đời sống,2,8
train_694494119,17855c27471758953a18bd6ae3f3f697.jpg,dc2a017b1dc1e33e,Willsen Enzim Mixdent Pasta gigi anak 75ml,498326837,Mẹ & Bé,1,7
train_2827655811,385f5d62de224d8143747d74c3276f83.jpg,aa84dd2fc2922d6d,The Body Shop Chinese Ginseng & Rice Clarifying Mask 15ml,4115604501,Sắc đẹp,4,10
train_437774678,656b52e922d8827ade00ffe4eb273d72.jpg,eb9294694b3994b6,SOMEBYMI Yuja Niacin Blemish Care Serum 50ml,2544564577,Sắc đẹp,4,7
train_2659851722,2119ddec38111b43a4549f4961a83d06.jpg,aa9f9368cc658f12,SPONS MANDI / SPONS BATH SPONGE BEAUTY SHOWER PIFF SABUN BADAN / BATH SPONGE RAINBOW / SPONS MANDI,3075877919,Sắc đẹp,4,18
train_2407154713,3707f29ddd49903fa67dc168c12712fb.jpg,eae2b39e4c242772,Sepatu nikezoom pria dan wanita,1090963197,Phụ kiện thời trang,3,5
train_987687397,45b8a4e3b94ab3457aa3bc2724b6069a.jpg,bc8fc3ac63d88166,SHINING PEEL OFF CHARCOAL MASK,952489020,Sắc đẹp,4,5
train_2472611088,f689a0eefa2bbd9ee69787ffea15585b.jpg,b898c240e53fafc5,Gantungan Putih ENUDDEN DOOR Gantungan Baju,222620729,Điện tử,9,6
train_3556801163,9e6c962f8b524445c8614ea27513385e.jpg,87be8e053f0e02f9,[HARGA PROMO] GEA BABY KANTONG ASI 120 / 200 / 250 ML Milk Bag Safari Mammal Edition 120ml Isi 30pcs,3926100920,Mẹ & Bé,1,20
train_2292167266,f50f2fc6d2f1ca43509f8b603f9f4cfa.jpg,b89e87c928e631da,Kabel AV PS3/PS2,576717309,Điện tử,9,3
train_3257652481,8b53b9e84ae72ade9a665d3a96b0dbeb.jpg,e932d0cc3e6be1b0,Speaker bluetoot megabass,1799186935,Điện tử,9,3
train_3123142715,ff08be1008438fd612f897d6f592725e.jpg,e596ce89d8879a70,Ertos Serum niacinamide plus,315481361,Sắc đẹp,4,4
train_250967470,a5ae65c571f667ebe6612328c9f5565d.jpg,f35a84a5272dcc5a,TKIS Panci Listrik Serbaguna Multifungsi Elektrik Cooker 0.8 Liter Stainless steel teflon CUC-801,4136088634,Phụ kiện thời trang,3,13
train_16207489,ce42ce1f019a3103b72108e70b5c8cf7.jpg,efc8a8969525ca2d,[RYID] Sarung Tangan Microwave Insulated Bahan Polyester+Katun Multiwarna untuk Perlengkapan Dapur,4000267419,Phụ kiện thời trang,3,11
train_2623661886,a121f1fb755f7155aa5959f92cc759ea.jpg,adecd03913c6cc93,PROMO! Cleora Jelly Booster 2pcs | Pemutih Wajah,2245764417,Sắc đẹp,4,8
train_1831941588,b0fe67a25aaad6098bdab7d3afe73484.jpg,d5c42af8fc837170,Double Tape 3M 4900 VHB 24 mm x 4.5m tebal 1.1 mm 24mm Ori Original 24 mm 1 inchi,2819310070,Nhà cửa & Đời sống,2,19
train_1484642766,b74190d5d4ebc744771984b0f65d8f9f.jpg,ecc39434d36b6cc1,Everwhite Brightening Soap (Sabun Awan),3600450380,Sắc đẹp,4,5
train_2442106817,26783d59580151c98dcd0821e76ce118.jpg,dfa99296cc610e1d,Cooling Pad Gamepad Cooler Pendingin Handphone Fan Holder Gaming Tripledi Mobile Radiator,321293570,Điện tử,9,12
train_3628804299,b1ac2bedb73dc556ecb4ef15a433169a.jpg,e961b52446e2b537,Somebymi Yuja Niacin Brightening Moisture Gel Cream 100ml,3871844281,Sắc đẹp,4,8
train_2436613046,7a0b41dd2f9dfbbb1aaa676dddff1409.jpg,a4ae8b97d1d86ce0,[BISA COD] Handuk microfiber Motif Beruang gramasi 30x70 / Handuk Mandi Lembut,282110893,Điện tử,9,12
train_3096787179,7b19f2a5c17ad9d34d8641912bf66203.jpg,f146be39466d8538,Original COUPLE Gamis NIBRAS NB A51 & NSK 71 Biru Coklat Persiva,1229744002,Thời trang,7,12
train_2221426567,40bc9dbc99b9459d7d5cfdd55bf157f4.jpg,e66e189052d973d5,LS 293 - Alat Penghalus Bawang / Parutan Bawang,290747084,Nhà cửa & Đời sống,2,9
train_183403491,9dc35b535a5d5ec594f306a9197baa84.jpg,8aef149463cab5b4,Susut Lemak SULEM - Botol Ungu,3619569844,Thực phẩm & Đồ uống,8,6
train_3995330724,a6fed93df91723e136ab0402a27a0e02.jpg,fab111489dc3c74e,SANDAL WANITA,1065718333,Phụ kiện thời trang,3,2
train_4262943865,a5ae7933d327db8ab88b05dcfad8f48c.jpg,fbcc9533c06e3a90,Sajadah(Muka)Anak,4222983165,Mẹ & Bé,1,1
train_4260772792,4475797ca1a8fa0f59f9ad6028cab9d3.jpg,fa3295cd4a4d3296,Keset Microfiber / Keset kaki Cendol,1000051365,Điện tử,9,6
train_601495002,bf6a2ee0b28d75662e89d3affa3b22cb.jpg,cfb1b00ed6a10bf1,CELEMEK PLASTIK TIPIS MOTIF KARAKTER ANAK - APRON DAPUR MASAK LUCU WATERPROOF ANTI AIR UK. STANDARD,296475017,Nhà cửa & Đời sống,2,16
train_3832481577,7c34ce83449f106d96ff356cdf60ab1d.jpg,aea54a8577714a55,Kemeja Batik Pria,2656848782,Thời trang,7,3
train_1008375716,a9b8c238469ddfcb73448b81e9f8d232.jpg,9be46ad0c45add85,Rak Gantung Karakter Multi Fungsi/Rak Obat,3360522898,Nhà cửa & Đời sống,2,6
train_748504357,acd488f7a91ff3903ae5cc85943293f8.jpg,af3fd4c090c96267,Buttoned Trousers I Celpan Anak Boy kids l Uno Kidswear,2646097525,Mẹ & Bé,1,10
train_1372447206,3b3d69ece3c7a5363ed24c5690577bc2.jpg,e90b96850f96b669,Acnes Natural Care Milk Cleanser Oil Control 110 ml,1176059503,Thực phẩm & Đồ uống,8,9
train_1753110604,619dede0d470a791e36da02ea11d3ec2.jpg,f096cb2d853c9d68,TAS MULTIFUNGSI PRIA TRENDI RANSEL DAN SELEMPANG,3290802358,Phụ kiện thời trang,3,7
train_956317790,03c994ef1e7d3f5449e3975d1f5ed231.jpg,c002d9cd693f96f4,hijabinstan AURORA NONPET khimarinstan | jilbabinstant | hijabmurah | hijabinstant termurah,3513398405,Thời trang,7,11
train_610451951,f7375d4cdeb460ad6d083532bd0660ed.jpg,a6b70bdd2b40f889,Cetaphil Baby Daily Lotion 400 ML,1301527687,Sắc đẹp,4,6
train_1968102686,5879e064c1e4a71d3d0cc633c73e860b.jpg,ba9ec9688487578b,Kurma Sayer 1 Kg Premium Oleh - oleh Haji & Umrah,1583529373,Thực phẩm & Đồ uống,8,11
train_174545108,4c5436fea45f268d58f28a8da8d6f4fe.jpg,c9d2a692a5b5b6a2,NACIFIC Natural Pacific Phyto Niacin Whitening Tone Up Cream 50ml,1492182156,Sắc đẹp,4,10
train_1491438625,ea725e11c0f3c448ddc24dc3eaf81c11.jpg,a9e369969692c639,Fanbo all in one Deep cleansing Balm,1406531816,Gia dụng,0,7
train_4025540661,2411ccd7b60e953a574902f46e447922.jpg,a53cdec393866638,USB Digital Voice Recorder 8gb + MP3 / Handy Perekam Suara,500894758,Điện tử,9,11
train_3285130831,f2480d4aa8259c1a8262e6cace184e7a.jpg,ff91a8acffc400c8,Kemeja pria,1354466380,Thời trang,7,2
train_2102495576,75a364bdd5321b77fe8f7c5db037defe.jpg,e38d9462f894678e,Alat pembersih kutu dan telurnya,829820311,Nhà cửa & Đời sống,2,5
train_281513862,708d7906f686583b226cfd6b70ce5f3d.jpg,d610d8f6e827aa2b,MAXY AUDY| DRESS GAMIS MEWAH MURAH BERKUALITAS BAHAN MOSCREPE TEBAL,23125363,Phụ kiện thời trang,3,10
train_3261026951,da3d80151a981f901803e042ebb585b0.jpg,9ba541a587a5b55a,Kunci Gembok Pengaman Rem Cakram Disc Motor Brake Disc Lock Sepeda Skuter Anti Maling Piringan Rem,2885752806,Nhà cửa & Đời sống,2,16
train_2037987558,48d02e4fe682814e69d5f0dc10955df4.jpg,a2a0f54c77e91873,HSC Herbal Slim Capsule,1959886791,Sức khỏe,5,4
train_3241637981,ec80cf33b1410dc6bd4b0801dd5d12be.jpg,bcc3c31e1c3cc3c3,Tas Selempang Wanita Aurora,1957515419,Phụ kiện thời trang,3,4
train_2051332827,0894566163a1d1004b33696276f1c116.jpg,837bf1905b68c4b5,"Jilbab anak ,mata kucing.bahan Jersey,tali belakang model angrybard.untuk usia di ba ah 2tahun",3149716162,Sức khỏe,5,13
train_1288137889,9311d7a4c48b3b48ea7959b1b6e9f569.jpg,b892b363cb6c309b,Slingbag Waistbag Sashenka.Id Warna KUNING I Tas Selempang Pria Waisbag Trendy,4020712492,Phụ kiện thời trang,3,11
train_132349606,057b576b6d3c179edd5a01bb22f55289.jpg,ea9395159612f663,Dress Salur Malone II Lengan Pendek - Miss.Simplestyle,478812549,Thời trang,7,8
train_623333284,2311218e9bf36bf4ae86aa61006962cc.jpg,cee4b2d3b1496986,Grosir Jegging Bayi size 2 size S Jegging anak termurah / jegging bayi termurah / Legging Jeans Anak,472641544,Mẹ & Bé,1,18
train_75122079,a5c584a579b132eeb4b5a96432a2b29b.jpg,9a95ed6a13b04c8f,CDR CALCIUM D REDOXON 10,4195021957,Sức khỏe,5,5
train_486271662,76c2a6c7babeb866b80220aa9090e587.jpg,bed9058790b2cab5,Buku Tematik SD - Kelas 5 Tema 2 - Udara Bersih bagi Kesehatan - Edisi Revisi 2017 Terbaru,1291301592,Phụ kiện thời trang,3,18
train_1889874908,37fab88b08a7585fc31b7702ccc34d56.jpg,c2d4b0ca4e53956f,[600gr] T236 | SPEEDY CHOPPER BLENDER TARIK TANGAN MANUAL MINI CUTTER MIXER BLENDER,295128469,Phụ kiện thời trang,3,13
train_1435982688,7dca66298aad963fc1d8e207b2a17cfe.jpg,aa8a9d9c9d8c8d9c,OSM - K376 (N - Z) Kalung Huruf Stainless / Fashion Style / Set Perhiasan Wanita,3901457261,Phụ kiện thời trang,3,16
train_96842855,6a7b97975838b64fa2fe87c0ae74dce4.jpg,da9d62e13d0a2dd2,Paket Cream Hn - Cream Hn Original 15 gr beli 10 gratis 1,971745133,Sắc đẹp,4,13
train_3135607945,28162c73c9cb5a413921df4e29d4ded8.jpg,ed1a9497e269cc62,Life Cat Pounch 85gr Makanan Basah Kucing No Pork,1300007930,Thực phẩm & Đồ uống,8,9
train_3280339596,5dd082f2c8b03c016f7dcf0e1b6b0a03.jpg,8eecb09369969cca,"Baju kaos jersey gaming e-sport  CUSTOM pubg,free fire,mobile legend,dota",1365941543,Thời trang,7,9
train_4076539821,690cd5c50e0c40ac358de463e6a5f639.jpg,f282588b5d8dad35,NIVEA Extra White Night Nourish Serum 180 ml,1666545703,Sắc đẹp,4,8
train_4035834793,df7f6f519fdb1733414829b34b491d12.jpg,b3f1f81cc11efc40,RINIA GAMIS BRUKAT KEBAYA TILE OUTFIT KONDANGAN PREMIUM BRUKLAT MAXI DRESS BUSUI FRIENDLY MODERN,2174165912,Thời trang,7,14
train_411559320,65c850895f50ba321a21c2f4ed68576f.jpg,f38c4c334c33fc4c,Natasha by dr Fredi Setyawan Facial Wash Oily,447572379,Phụ kiện thời trang,3,8
train_1177573553,e634926e94025cba715bba641c6e4ef7.jpg,e96a86e59a86cc3a,(COD) Jam Hp onix U9/ DZ09 (SMARTWATCH + BOX) (Jam Tangan Pintar ) bisa Telpon dan SMS | GSM SIMCard,4044845496,Phụ kiện thời trang,3,20
train_785785061,b096b885fc795d2b4cc8017f281e1189.jpg,eb6bc09491dc9ca3,11Pcs Alat Reparasi Handphone,1801372520,Nhà cửa & Đời sống,2,4
train_2760540023,c739a327dbeca472089a5195e898cce4.jpg,ba96cc48cc63c56b,Anti Crack Shock Case OPPO A33 Neo 7 A37 Neo 9 F3+,3717044186,Nhà cửa & Đời sống,2,12
train_1209405019,65217cb6133cf1ed9f8f8cbed7cdee30.jpg,9bf919852e3fb110,NEW!! TEMPAT MAKAN LUNCH BOX KOTAK MAKAN OMPRENG POLOS SENDOK SET BPA FREE BAHAN GANDUM/JERAMI 00424,2404524611,Thời trang,7,16
train_1885696213,77e25c7767bf9c33976b038dcb0cba73.jpg,ea89b352699a35ac,Stretch Mark Minimizing Cream SA Naturel by Shandy Aulia,572085747,Sắc đẹp,4,9
train_1112263950,27ad46e67b1d881f40a8011622f01c14.jpg,f1cd7861c358b0b6,Kryolan foundation creamy SUPRACOLOR 15ml ORIGINAL BPOM RI,108232391,Sắc đẹp,4,8
train_2966656749,e056ee6db11c90725fd85421087caf18.jpg,b739896f492d9226,[TERLARIS] CELANA ANAK JOGER JOGGER POLOS LAKI PEREMPUAN KATUN BERKUALITAS HARGA MURAH KONVEKSI,2198030198,Phụ kiện thời trang,3,13
train_324722145,45c2675606cbf37a5e55b11552bfb187.jpg,b986ce99c3783466,ISHANA Tanktop Wanita dewasa/Tanktop tali kecil polos/Tanktop cewek Katun,2172278652,Thời trang,7,9
train_1743389544,874db4420116cc3e3a5c5cfda21973f1.jpg,ca6f333883609e4f,Rak Kosmetik Tempat Lipstik Kutek Multifungsi Akrilik Grid 18 Murah,2167023465,Nhà cửa & Đời sống,2,10
train_3737300062,577f20e60492ba56b0214d70d04ed264.jpg,b149ca363ccdd332,Lion Star Jepitan Baju / Laundry Clips 01 (20 Pcs),1702554643,Thời trang,7,10
train_2940085807,21bc5605493f44fbd4f09dcd0cf2c337.jpg,bfe0d4c5ad444a96,(jakarta)Jam Tangan Pria  Casio Gshock Protection DW 5600 Full Black,2517912807,Phụ kiện thời trang,3,10
train_170314070,e455abdcabe1de90abba5ace7a50adc7.jpg,ed1bd0661b78390e,TENDA ANAK LAKI/PEREMPUAN 100x100 CM TERMURAH,3842983995,Mẹ & Bé,1,6
train_1118147925,32fda63e0d1dc1c2904c7608e5729ea3.jpg,b3ac4ea75ca3c470,Garnier Pure Active Acne & Oil Clearing Foam Skin Care Pembersih Wajah - 100 ml,313768238,Sắc đẹp,4,15
train_973648209,a75890cf09d9c9487ee3530d856ab456.jpg,fad28daa2ad05595,Perlak Sugarbaby Organik / Perlak Bayi Karet,997220911,Mẹ & Bé,1,7
train_1105386091,5bef12b166dc559d8b4dea1ce17a313e.jpg,e9c997bc91b48526,SP.SEPATU PRIA Xv (39-43),1508883541,Phụ kiện thời trang,3,4
train_3751246397,5b2b49ec04e28e21b7b30fff9ce98fa0.jpg,eb94856b70d88f86,[Distributor Purwokerto] Daisy & Tease Masker Organik Free Spatula,331632016,Sắc đẹp,4,9
train_2917169596,7dde9752053dc9651a9763a7acac6237.jpg,bf4bc0b42e62798a,Catokan Catokan Sonar SN 823 Splint Straight Hair / Catok Plat Lurus #HB021,168301489,Sắc đẹp,4,13
train_3649611662,8f9ff0f4e81dcd66279d85df85f1bfbd.jpg,85d01f67992ed22d,BEB WHITE C ORIGINAL/CREAM BBC SERIES,2956941947,Sắc đẹp,4,6
train_980903649,9a061947211680e6475d3b98b477697d.jpg,be12e12f9ec1e198,Mixer mini / Hand mixer / pengocok telur dan minuman,2748623227,Gia dụng,0,10
train_3094516238,d1a7f4f4205981351e44938682ea5402.jpg,b8a817983e96c3c7,ZPT HORMON HANTU REPACK 100 ml - HANTU MULTIGUNA TUTUP BIRU - HORMON ORGANIK,2751972564,Mẹ & Bé,1,14
train_3544265366,31b878772cc32db6e292b2ded710f1cc.jpg,f5b14a9b62f01bc2,PONDS JUICE COLLECTION SHEET MASK / MASKER WAJAH  WATERMELON EXTRACT 20G,2520007137,Sắc đẹp,4,11
train_1533525248,b80165d0d4bf0e395d906906ab6b19b4.jpg,ea94956b94e892c7,LIP BALM KISS BEAUTY PEACH SWEET COLOR,2913737300,Sắc đẹp,4,7
train_3034782808,d0b63cb21cf9f6f43efb3fdd94aa675e.jpg,eabc85c1cb63341e,Emina Creamatte,2066394024,Sắc đẹp,4,2
train_3206803259,6f74a5f5ac3e657b566d6a5f8e42201e.jpg,b3a1fcc88c1b8dcc,MS Glow serum luminous / kemasan baru,2092002172,Sắc đẹp,4,7
train_2193000950,41b7178605a47d59d9d8cc3384b47c70.jpg,acb5c1c3b22c9d4e,Tape Roll + DISPENSER BIRU for Eyelash Extention / Isolasi Bulumata Sambung,1841854862,Nhà cửa & Đời sống,2,12
train_2870388328,21cf0d43d08196fbe61ec4883bfd29f0.jpg,e68b9c74596872b1,Soft Case Simple Warna Polos untuk Samsung A51 a71 a10s a20s a50s A10 M10 A70 a50s A10 M10 J2 J7,2988525433,Điện tử,9,20
train_1623957727,fde0ca1820b2959fe97e051b23a3da80.jpg,ed618f90931e784b,Tongsis Kabel Lipat FULL BLACK EDITION MURAH,1395626534,Điện tử,9,7
train_2643020173,5b8eb1eb2bad949230ce1e36002c5ecd.jpg,a68e0d061c3e76fc,Barco Minyak Goreng Barco Botol 1 liter,954571849,Nhà cửa & Đời sống,2,7
train_3337221240,ac24e63fcb24e6d10208df807b777e75.jpg,e4e39b18e33c8dc4,sumpit anak Sumpit Belajar Anak chopstick Training chopsticks beginner,3073207032,Mẹ & Bé,1,9
train_898433678,28cbb067e780fb784714f7e86a14dd40.jpg,e69999666633649a,Kikkoman Bulgogi Sauce - jerigen 2.2 Kg,1427029339,Thực phẩm & Đồ uống,8,7
train_2144063103,b4aaa9db7c0a2babb67cb901d859efbb.jpg,b9c2c42f863c78f8,Spon Beauty Blender Telur Belah Besar,4141124289,Sắc đẹp,4,6
train_2619338771,1b743813d64f46efc9c4bd032f6e1eb6.jpg,aa946aec621f846f,Tudung saji penahan panas ada rangka/tulang EXTRA LARGE,4058480380,Thực phẩm & Đồ uống,8,8
train_1871892440,75b9a6add4eeb6d60d618ffe125ef68c.jpg,b86987e6c49e9299,Glossy Photo Paper / Kertas Foto A4 230 gr Combo,30796165,Phụ kiện thời trang,3,10
train_2869779660,062f953544732d620d8d8c50a89e4cef.jpg,bf1ac0e51f802c7b,[FST] Thodey Tas Pinggang Pria Waistbag Bahan Kulit - JP9080,3337341827,Phụ kiện thời trang,3,10
train_414310144,735dc45505472ad01f94e18428a155aa.jpg,e7d298696696650d,LANEIGE WATER SLEEPING MASK - LANEIGE WATER SLEEPING MASK LAVENDER | LANEIGE WATER SLEEPING CICAPAIR,2935245097,Sắc đẹp,4,15
train_3095668229,f10bb5bbf19afc01fe79fc666b39f092.jpg,b7fac9a1c0559895,Ikat Rambut Elastis dengan Lampu untuk Wanita,3188098177,Nhà cửa & Đời sống,2,7
train_3880539643,589a169b349d705a0697965020ebdb82.jpg,9e078507a52f639d,AONEZ 4Pcs Jerami gandum Wheat straw Alat Makan Sendok Garpu Sumpit /Set Travel Cutlery 4 colors,383745941,Nhà cửa & Đời sống,2,16
train_1015892199,b07156e7079c1d0b850b1322b717d8dd.jpg,ea2d95d2c28d96ca,"Stelan baju tidur 3in1 XL.~JUMBO ,XXL",1291273063,Thời trang,7,6
train_3783601581,516bf487683db0ae01bc2388b18788ca.jpg,ae2dddc3823932d2,SABUN PEMUTIH TZUKI ORIGINAL PENGHILANG JERAWAT ANTI AGING DAN FLEK,3489985175,Sắc đẹp,4,10
train_1195836421,9b0c8c5c248df62083aece37d72cdc9c.jpg,cb16b5499c619e65,KABEL DATA OPPO 2A MICRO USB ORIGINAL FOR OPPO NEO 5/ NEO 7/ NEO 9/ F1/ F1S/ F3/ F5/ A3S,3084987355,Điện tử,9,20
train_3179636179,78c0d0d70460bab119b354d028450b93.jpg,8bc8c594f67a1bc2,Tali Jemuran 5 Meter Clothes Line Laundry Baju JEMURAN,2669529988,Thời trang,7,9
train_3648296149,bd2516773de69bced0ccd1804c80fcc0.jpg,bdc5c2323dc96136,Nankai Spray Gun Portable / Paint Gun Semprotan Cat Murah,3941431049,Điện tử,9,10
train_3131594085,cf233bea400b357740aae86354e559a8.jpg,b894c5d29a996f86,Buku Vitamin Otak Anak PAUD dan TK,2681338524,Sức khỏe,5,7
train_3383255849,de10fae5a9ef316648f16c7a1b94724f.jpg,eac0b53bc1a75a4c,Termurah Pompa Tabung Sepeda Motor / sepeda Merk Atlantis,675590285,Nhà cửa & Đời sống,2,9
train_3903271866,be9b89e225314314b88cf2b560d01779.jpg,ee1eb4f9d3054864,Map File A4 Organizer Tempat File kain - Tas laptop Ipad tenteng  F116,445743372,Phụ kiện thời trang,3,13
train_3984051391,bf3b402fc90f6f9c4ba139f74a6f0c5e.jpg,fc62df8cc52c6252,CELANA LEGGING MANSET BASELAYER 3/4 GRADE ORI,110635433,Thời trang,7,7
train_1581763045,fa7dd45d06adc675f8dc1d9625b7e1e1.jpg,81927f81d26dd07b,BERGO KHIMAR FATIMAH POLOS/ Jilbab masker polos /jilbab tali masker polos,1586392996,Sắc đẹp,4,11
train_1989131290,d5604df68295977f41fcee6fbd00b7d1.jpg,e19ad3192c67969c,Kaos Anak Lion King Perempuan Laki Laki,3063837453,Mẹ & Bé,1,7
train_3391563598,40da94cf1792cf427638a72c3c6886b8.jpg,fc0794724ecbf08c,Barbeque Grill Alat Panggangan Portable Roekre,4287268706,Điện tử,9,6
train_134811928,a88960c0171079ebfe4afd424bfae224.jpg,ff6ae891814b8527,BABYMOOV LOVENEST PLUS,3385654365,Mẹ & Bé,1,3
train_250017382,4f0cdcbbb394b2055669d02310f4b23e.jpg,d22531ce3b382f5a,Masker Sritex original anti air anti microbial masker kain,213095167,Sắc đẹp,4,9
train_211686610,a7766c7b0d77ef567b94b398ee89a0f0.jpg,ecd2d22cbb2dac90,Sweety Open Comfort Gold TAPE - M 48 / M48,35254803,Nhà cửa & Đời sống,2,10
train_1174544705,edec452a8329ea31c81e20cf3a31f169.jpg,dce3a193bd28918d,Bio Oil 200Ml / Oil for Scarring / Strectmark / Acne Scar Removal Bio Oil 200Ml/Minyak Penghilang Bekas Luka/Strectmark/ Penghilang Bekas Jerawat,324620723,Sắc đẹp,4,22
train_1371874423,6b62ddf25abcf4a17a025eaa8399d93f.jpg,97ba680517ba8b1e,LITTLE BABY MANICURE SET PERLENGKAPAN GROOMING BAYI GUNTING KUKU SISIR,1978203770,Mẹ & Bé,1,10
train_1547440356,f310c8c123c0c50dee882e3f7806ccb9.jpg,91b94e640f9bb964,ORICO 2020U3 2.5-Inch Hard Drive Enclosure,3860087248,Điện tử,9,6
train_1422625180,db60caa3e8253fa8567f6b9915f7aadc.jpg,b9c0ce2ee31e6847,TummyTrimmer Alat Pengencang Dan Pengecil Perut Body Goall Welcome,3113555311,Nhà cửa & Đời sống,2,9
train_2724295008,bf72a5e46e5476b0732a48c97fbb00d9.jpg,b6f8cb83663218d9,SEPATU ZR-143 KITTEN HEEL METALLIC MULES,1840210388,Phụ kiện thời trang,3,6
train_811100137,40bf803b16a2740296b6d9a0ace84818.jpg,aea4191ae13e0ff1,TRESNO JOYO Minyak Telon 100ml  Telon Oil Untuk Bayi Tresnojoyo,737541829,Mẹ & Bé,1,10
train_3305141669,553d7f7cdd0e0f4cf9f485468fc331b6.jpg,8d24e2db1d24e6da,Nachi Tape Lakban 48 mm  Coklat Plakban Bening 48mm 100 Yard solasi Murah,234541980,Nhà cửa & Đời sống,2,13
train_2374569033,b2f9dce011199785ca7d825c3edbd475.jpg,9cdee0959cf4a309,Sarung Kasur Busa Monalisa 100x200 Tinggi 15cm Dan 20cm,4100816652,Nhà cửa & Đời sống,2,9
train_1114511060,b72012037df49076ef2e2abc012ac3b0.jpg,bb4ec593c668689c,"KASUR BAYI LIPAT KELAMBU BOAT MODEL, BED COVER MOTIF NAVY YELLOW  PERLENGKAPAN BAYI",1767715658,Mẹ & Bé,1,13
train_1903864401,80c91e4b6e43499606fffe1e4138f066.jpg,eea7e060c97817e2,Kanebo Refil Polos Sedang - Grosir - AION Plas Chamois Mobil Motor Kain Lap MICROFIBER,821583868,Điện tử,9,15
train_1160179946,a651116db76fb88f1384428007b0033c.jpg,fa4a828a17b776a4,NIKEN Bra Fashion Wanita Bra Wanita Murah BH Tanpa Busa Tipis Tanpa Kawat Jumbo Bra,1815525994,Thời trang,7,15
train_888082882,fb1b7be2d70f974023ccc341029d30ba.jpg,b333ccc3cc2ccccc,[BAJ] JAM TANGAN APPLE WATCH IPHONE RUBBER ANALOG IMPORT // AP023,1094131958,Phụ kiện thời trang,3,11
train_3616818172,9c8c6d8823653abb8a88efd5caf15f8c.jpg,fb916d9568586661,ARIAS KOKO kemeja fashion XL / Kemeja fashion / baju koko / fashion pria / lengan 7/8,3553405586,Thời trang,7,17
train_1169228691,2138e81949c044e98e7ea628b517e7bb.jpg,bdcbe493d04c923c,BUMBU INSTAN NASI GORENG PEDAS - BUMBU BAMBOE,3202957389,Thực phẩm & Đồ uống,8,8
train_3141752479,b7245fbc10266d41aa3f222fa28cb18e.jpg,af3bd314c06a9783,[SACHET] Garnier Color Naturals Express Cream / Ultra Color Hair Color Pewarna Rambut,2910074820,Sắc đẹp,4,13
train_2836716709,bffd3d9b2b4df38bffc632d7155ae0a9.jpg,b943c61cc3f131c7,Promo Pixy Stay Last Serum Foundation,2773427352,Sắc đẹp,4,6
train_3809061300,2012443630eb93e6c662a8d4100fead2.jpg,889d94e87fa049e7,RS 10 lembar Replika Uang Kertas / Uang Mainan Lembaran untuk Mahar,3335857921,Phụ kiện thời trang,3,12
train_1447255347,ae8d67897787879ee59594a008f19eaf.jpg,f4b6c6334363a16c,Kursi Pompa Tiup Kelinci Sofa Bayi Infant Seat Bahan Tebal Aman Untuk Bayi Motif Lucu - Pickaboo.id,4260453523,Mẹ & Bé,1,17
train_1012206555,1bd2f6b7920cb75223f94b1be4426984.jpg,beb23cc8a39c4927,Masker kain Oxford,3322005001,Sắc đẹp,4,3
train_3724765127,143632cfd07032b7591d9bfe8c4fb678.jpg,b78fcc589321e236,SANDAL Kickers COWOK DEWASA KODE JAPIT (SIZE 39-43) SANDAL TERLARIS,220825668,Phụ kiện thời trang,3,10
train_663543033,b8b42f5250260c75a12bb0f71e3d7d5d.jpg,eb61941ed3169ca9,Casing Silikon Matte Frosted Ultra Tipis untuk Apple soft case iPhone 6s Plus /ip 6 Plus / 7 / 7 Plus / 8 Plus iPhone 11 Pro Max Xs Max Xr iX Phone cover,1557471785,Điện tử,9,34
train_1084262248,ba0e28cb288bd3aa82b964f2dea5308a.jpg,b6b2c90d9dfa04e2,Masker Kain 3 Lapis  Bahan Kualitas Premium,2494171542,Sắc đẹp,4,7
train_3884768201,e6e60998fb24dbbe52850a0bf737e1d3.jpg,ef819a7ee125960a,Tecnix Speaker Subwoofer 2.1 Channel Design - Garansi 1 Tahun !!,1333574565,Điện tử,9,11
train_2321055884,aa3db7a83ab634a839790e31fec49745.jpg,b4c3c33c4f9658a6,PROMO !!! TURUN 5-20KG / BLN TGT SLIM 2 BOX PELANGSING BADAN HERBAL AMPUH,2931597718,Sức khỏe,5,14
train_3508659965,92394414388e82ccc782fae516933cb3.jpg,96491b7bac4c6636,SEPATU PRIA CROCODILE MORISEY SAFETY WORK TRACKING,53859343,Phụ kiện thời trang,3,7
train_1556735360,46ee519068229bf66aab23099ae0965e.jpg,9c5b6accba8ce3c0,Masker kain 2 ply,3359758769,Sắc đẹp,4,4
train_1359598160,99cf6625fd5ab97ab2360d9e9c57edfe.jpg,84eab151bbd44abc,Iphone X Xs MAX XR Back Change Iphone 11 11Pro 11ProMAX Carbon Fiber Protective Film Photo Frame Upgrade Iphone 11 Case,327189920,Điện tử,9,21
train_1499198399,b33a3d0fa13e06343fea9d835e79cf43.jpg,b1c69a638c38e73a,KABEL TOPLES ISI 50 PCS MICRO USB VEGER 2.4A FAST CHARGING V101 BONUS TOPLES,380780368,Điện tử,9,14
train_1488450684,2217cd314034d545ff7688b2e93c0cb0.jpg,bfc2d03968c0b3e6,EXPO CHATRAMUE Thai tea Greentea Combo 4 - isi 4 bks,2230820771,Thực phẩm & Đồ uống,8,11
train_1166421184,4a023465c018acfb6f29cabb871ae7d6.jpg,e06495db3b69606e,\xe2\x9d\xa4\xef\xb8\x8f TOKOKOE \xe2\x9d\xa4\xef\xb8\x8f | Dompet Wanita Fashion Classic Original | Dompet Cewe Dompet Korea Tas Gadget Import,1087761514,Phụ kiện thời trang,3,17
train_3052745886,a8029e5a65bf404f77f8b0cf69b736ab.jpg,dfadc0a4c2539bc1,"b""Pond'S Tone Up Milk Mask / Masker Wajah Plankton 25G""",3856102831,Thực phẩm & Đồ uống,8,10
train_3134909453,d88efd9e44d190d1b51a7724b05efd34.jpg,f2803664dcb8ebb1,BESS - Sweater Crop Murah Wanita / Sweater Crop RAINBOW,983044057,Thời trang,7,10
train_2579529237,327e57bb394059bf1f6617f76825b639.jpg,d8387a616e6a2ec6,BAYAR DITEMPAT - Sarung Celana Dewasa Moisino,2317841067,Thời trang,7,7
train_1792335742,5926f7a2c2beba29492d75b83d73ccdc.jpg,a29fb5b1d3424d4c,Puzzle ada Knop di Bawahnya Ada Gambar Serupa (UPDATE 19 OKTOBER 2020) BANDUNG Angka Huruf dan Buah,3205175747,Mẹ & Bé,1,17
train_1697831536,578af0a737334455eef62eb94c88ec77.jpg,e4a613d94db22375,Amira Tunik | Daily Atasan Muslim | Best Seller,3325918244,Phụ kiện thời trang,3,9
train_1394887431,5d0b3b882646b0d529244cf6cbd64da4.jpg,bc3666996e8d2631,iPhone 8 256GB/64GB Fullset second mulus 100% original,4082305570,Điện tử,9,8
train_1090536099,38b44df47889337ee01f3e207a520943.jpg,ca4831b9b79678a5,CELANA PENDEK PRIA RIP// COMBADD TWILL SIZE 27-38,3089499175,Thời trang,7,8
train_2252401861,6bf4d2d98e30618245ca202c0484f8cf.jpg,fe4ac1342d81367e,Panci Listrik,1226500780,Nhà cửa & Đời sống,2,2
train_2226730653,17cad17ddd518c95faba15621386f0de.jpg,e896858797969a96,Long neck man black - Sweater pria - Rajut katun,447873549,Thời trang,7,10
train_4219442185,706b7eb93cb17efb574c96f155be5f2a.jpg,bb9ece68b56090a3,WAKAI FULL BLACK/HITAM POLOS,153046498,Thời trang,7,4
train_2527649848,c45bf4cbc00f2e25e3e6c002bc02fc6b.jpg,e0059c7affb0e087,(COD) TAS JELLY MATTE KOTAK DIAMOND SIZE 18 (GRATIS BONEKA & SYAL),2051620736,Phụ kiện thời trang,3,12
train_3132640497,8a5539295973aa449442770ea21101b5.jpg,b362cc8cb3b09c57,Baju baseball NY hitam list putih,3094586045,Nhà cửa & Đời sống,2,6
train_1739787394,7d72b4b2ff90e703643e41212bb04992.jpg,bce5c11ab3e46c19,MOMOGI SNACK ALL VARIAN ISI 20 PCS @8GRAM,3565319599,Thực phẩm & Đồ uống,8,8
train_830247605,ce1704dffdd27882af817310f20d67bc.jpg,dbc2c3359c119dca,Rak Dinding Dapur Kitchen Rack Bumbu Gantung Aluminium Anti Karat,2325096265,Thực phẩm & Đồ uống,8,10
train_330917563,e5a8d1a326cbe84946b14375d4d3bfbe.jpg,bb9dc3e1049e3da0,TATA GLOW LUXURY (PAKET PENGELUPASAN) CREAM PEMUTIH WAJAH,3798148356,Sắc đẹp,4,8
train_2589156613,2fe996c622d50f8a049f1fe11a8bdfc0.jpg,b81c09c366354eef,Obat Stres Ikan Hobie Fishes Isi 10 Kaplet Obat Ikan Hilang Nafsu Makan,3785800752,Sức khỏe,5,13
train_3927311015,1e18a78ae84efa692ead678c8ff989b7.jpg,a5a183878b8b93f6,Vitamin IPI C Rasa Jeruk,2945967054,Sức khỏe,5,5
train_3885701274,08b688dee042bd64067f2f6748097478.jpg,f2da8dd225da24c6,Minyak Telon My Baby All Varian,3211692097,Mẹ & Bé,1,6
train_4103887113,9666d4e08e3674954df5d3726fd018fc.jpg,f6dae024e7d12ca8,CUKUR NOVA TRIMMER NS-216 / ALAT CUKUR RAMBUT JENGGOT NS216 SB,3580263851,Nhà cửa & Đời sống,2,11
train_770266648,9de569f4a9d29734c9f5975722dcef38.jpg,ae6cc19374cfc099,Indomilk kaleng putih 370gr,642625383,Thực phẩm & Đồ uống,8,4
train_1088209506,63a89734e48ebabfb430425438c14f7f.jpg,b331cccc999a3333,CETAPHIL Moisturizing Cream 100g,109743541,Sắc đẹp,4,4
train_419821150,67e0aec74d7c925c8242bc086b4541a3.jpg,95e17af55214aa95,SARUNG TANGAN CUCI PIRING BERSIH KAIN ANTI MINYAK ANTI AIR SPON CUCI PIRING PRAKTIS TERMURAH,3170475874,Phụ kiện thời trang,3,15
train_494405797,444c81ff8b6661f1b5defdd8d71b859b.jpg,d169de8a255de42c,Gas hi - cook / Tabung gas portable / Gas kaleng / Gas hi cook murah,3199187864,Điện tử,9,16
train_3915633881,7c53f07a57d95242bd2ca6417504f961.jpg,bcaba59741f07c88,Pelindung Kabel 3 Warna - Cord Protector Tone Pelapis Kabel Headset,1176228392,Điện tử,9,11
train_2522709456,b1f22db2a0b34cc8ee6d2bebbe66a2b1.jpg,a19a86ed9339d683,MAYONETTE Masker Kain Headloop Hijab Premium Cotton 3 Ply Non Medis High Quality Halus READY,767922365,Sắc đẹp,4,15
